-- ============================================
-- RKDeamy Classes — Seed Data
-- Run this AFTER schema.sql in Supabase SQL Editor
-- ============================================

-- ─── BATCHES ─────────────────────────────────────

INSERT INTO batches (id, name, course_name, start_date, end_date, total_fee, student_count, status) VALUES
  ('b1000000-0000-0000-0000-000000000001', 'JEE Advanced 2026', 'JEE Advanced', '2025-06-01', '2026-05-31', 85000, 4, 'active'),
  ('b1000000-0000-0000-0000-000000000002', 'NEET UG 2026', 'NEET UG', '2025-07-01', '2026-06-30', 75000, 4, 'active'),
  ('b1000000-0000-0000-0000-000000000003', 'Foundation XI', 'Foundation', '2025-09-01', '2026-08-31', 45000, 4, 'active'),
  ('b1000000-0000-0000-0000-000000000004', 'NEET Dropper 2026', 'NEET Dropper', '2025-08-01', '2026-06-30', 65000, 0, 'upcoming'),
  ('b1000000-0000-0000-0000-000000000005', 'JEE Main 2025', 'JEE Main', '2024-06-01', '2025-04-30', 55000, 0, 'completed');

-- ─── STUDENTS ────────────────────────────────────

INSERT INTO students (id, name, email, phone, batch_id, joined_at, status) VALUES
  ('s1000000-0000-0000-0000-000000000001', 'Aarav Sharma', 'aarav.sharma@email.com', '9876543210', 'b1000000-0000-0000-0000-000000000001', '2025-06-01', 'active'),
  ('s1000000-0000-0000-0000-000000000002', 'Priya Patel', 'priya.patel@email.com', '9876543211', 'b1000000-0000-0000-0000-000000000001', '2025-06-05', 'active'),
  ('s1000000-0000-0000-0000-000000000003', 'Rohan Kumar', 'rohan.kumar@email.com', '9876543212', 'b1000000-0000-0000-0000-000000000001', '2025-06-10', 'active'),
  ('s1000000-0000-0000-0000-000000000004', 'Neha Singh', 'neha.singh@email.com', '9876543213', 'b1000000-0000-0000-0000-000000000001', '2025-06-12', 'active'),
  ('s1000000-0000-0000-0000-000000000005', 'Manish Tiwari', 'manish.tiwari@email.com', '9876543214', 'b1000000-0000-0000-0000-000000000002', '2025-07-01', 'active'),
  ('s1000000-0000-0000-0000-000000000006', 'Ananya Gupta', 'ananya.gupta@email.com', '9876543215', 'b1000000-0000-0000-0000-000000000002', '2025-07-03', 'active'),
  ('s1000000-0000-0000-0000-000000000007', 'Vikram Reddy', 'vikram.reddy@email.com', '9876543216', 'b1000000-0000-0000-0000-000000000002', '2025-07-05', 'active'),
  ('s1000000-0000-0000-0000-000000000008', 'Simran Kaur', 'simran.kaur@email.com', '9876543217', 'b1000000-0000-0000-0000-000000000002', '2025-07-10', 'active'),
  ('s1000000-0000-0000-0000-000000000009', 'Arjun Mehta', 'arjun.mehta@email.com', '9876543218', 'b1000000-0000-0000-0000-000000000003', '2025-09-01', 'active'),
  ('s1000000-0000-0000-0000-000000000010', 'Kavya Nair', 'kavya.nair@email.com', '9876543219', 'b1000000-0000-0000-0000-000000000003', '2025-09-05', 'active'),
  ('s1000000-0000-0000-0000-000000000011', 'Rahul Verma', 'rahul.verma@email.com', '9876543220', 'b1000000-0000-0000-0000-000000000003', '2025-09-10', 'active'),
  ('s1000000-0000-0000-0000-000000000012', 'Deepika Joshi', 'deepika.joshi@email.com', '9876543221', 'b1000000-0000-0000-0000-000000000003', '2025-09-15', 'active');

-- ─── FEE ASSIGNMENTS ─────────────────────────────

INSERT INTO fee_assignments (id, student_id, batch_id, total_fee, installment_count, paid_amount, status) VALUES
  ('f1000000-0000-0000-0000-000000000001', 's1000000-0000-0000-0000-000000000001', 'b1000000-0000-0000-0000-000000000001', 85000, 4, 85000, 'paid'),
  ('f1000000-0000-0000-0000-000000000002', 's1000000-0000-0000-0000-000000000002', 'b1000000-0000-0000-0000-000000000001', 85000, 4, 42500, 'partial'),
  ('f1000000-0000-0000-0000-000000000003', 's1000000-0000-0000-0000-000000000003', 'b1000000-0000-0000-0000-000000000001', 85000, 4, 21250, 'partial'),
  ('f1000000-0000-0000-0000-000000000004', 's1000000-0000-0000-0000-000000000004', 'b1000000-0000-0000-0000-000000000001', 85000, 4, 63750, 'partial'),
  ('f1000000-0000-0000-0000-000000000005', 's1000000-0000-0000-0000-000000000005', 'b1000000-0000-0000-0000-000000000002', 75000, 3, 75000, 'paid'),
  ('f1000000-0000-0000-0000-000000000006', 's1000000-0000-0000-0000-000000000006', 'b1000000-0000-0000-0000-000000000002', 75000, 3, 25000, 'partial'),
  ('f1000000-0000-0000-0000-000000000007', 's1000000-0000-0000-0000-000000000007', 'b1000000-0000-0000-0000-000000000002', 75000, 3, 50000, 'partial'),
  ('f1000000-0000-0000-0000-000000000008', 's1000000-0000-0000-0000-000000000008', 'b1000000-0000-0000-0000-000000000002', 75000, 3, 0, 'due'),
  ('f1000000-0000-0000-0000-000000000009', 's1000000-0000-0000-0000-000000000009', 'b1000000-0000-0000-0000-000000000003', 45000, 3, 45000, 'paid'),
  ('f1000000-0000-0000-0000-000000000010', 's1000000-0000-0000-0000-000000000010', 'b1000000-0000-0000-0000-000000000003', 45000, 3, 15000, 'partial'),
  ('f1000000-0000-0000-0000-000000000011', 's1000000-0000-0000-0000-000000000011', 'b1000000-0000-0000-0000-000000000003', 45000, 3, 30000, 'partial'),
  ('f1000000-0000-0000-0000-000000000012', 's1000000-0000-0000-0000-000000000012', 'b1000000-0000-0000-0000-000000000003', 45000, 3, 0, 'due');

-- ─── INSTALLMENTS ────────────────────────────────

-- Aarav Sharma (fully paid)
INSERT INTO installments (student_id, fee_assignment_id, installment_number, amount, due_date, paid_date, status) VALUES
  ('s1000000-0000-0000-0000-000000000001', 'f1000000-0000-0000-0000-000000000001', 1, 21250, '2025-07-01', '2025-06-28', 'paid'),
  ('s1000000-0000-0000-0000-000000000001', 'f1000000-0000-0000-0000-000000000001', 2, 21250, '2025-10-01', '2025-09-30', 'paid'),
  ('s1000000-0000-0000-0000-000000000001', 'f1000000-0000-0000-0000-000000000001', 3, 21250, '2026-01-01', '2025-12-28', 'paid'),
  ('s1000000-0000-0000-0000-000000000001', 'f1000000-0000-0000-0000-000000000001', 4, 21250, '2026-04-01', '2026-03-01', 'paid');

-- Priya Patel (partial - 2 paid, 2 due)
INSERT INTO installments (student_id, fee_assignment_id, installment_number, amount, due_date, paid_date, status) VALUES
  ('s1000000-0000-0000-0000-000000000002', 'f1000000-0000-0000-0000-000000000002', 1, 21250, '2025-07-01', '2025-07-01', 'paid'),
  ('s1000000-0000-0000-0000-000000000002', 'f1000000-0000-0000-0000-000000000002', 2, 21250, '2025-10-01', '2025-10-05', 'paid'),
  ('s1000000-0000-0000-0000-000000000002', 'f1000000-0000-0000-0000-000000000002', 3, 21250, '2026-01-01', NULL, 'overdue'),
  ('s1000000-0000-0000-0000-000000000002', 'f1000000-0000-0000-0000-000000000002', 4, 21250, '2026-04-01', NULL, 'upcoming');

-- Rohan Kumar (partial - 1 paid, 1 overdue, 2 upcoming)
INSERT INTO installments (student_id, fee_assignment_id, installment_number, amount, due_date, paid_date, status) VALUES
  ('s1000000-0000-0000-0000-000000000003', 'f1000000-0000-0000-0000-000000000003', 1, 21250, '2025-07-01', '2025-07-10', 'paid'),
  ('s1000000-0000-0000-0000-000000000003', 'f1000000-0000-0000-0000-000000000003', 2, 21250, '2025-10-01', NULL, 'overdue'),
  ('s1000000-0000-0000-0000-000000000003', 'f1000000-0000-0000-0000-000000000003', 3, 21250, '2026-01-01', NULL, 'upcoming'),
  ('s1000000-0000-0000-0000-000000000003', 'f1000000-0000-0000-0000-000000000003', 4, 21250, '2026-04-01', NULL, 'upcoming');

-- Manish Tiwari (fully paid)
INSERT INTO installments (student_id, fee_assignment_id, installment_number, amount, due_date, paid_date, status) VALUES
  ('s1000000-0000-0000-0000-000000000005', 'f1000000-0000-0000-0000-000000000005', 1, 25000, '2025-08-01', '2025-07-28', 'paid'),
  ('s1000000-0000-0000-0000-000000000005', 'f1000000-0000-0000-0000-000000000005', 2, 25000, '2025-11-01', '2025-10-30', 'paid'),
  ('s1000000-0000-0000-0000-000000000005', 'f1000000-0000-0000-0000-000000000005', 3, 25000, '2026-02-01', '2026-01-28', 'paid');

-- Ananya Gupta (partial - 1 paid, 1 overdue, 1 due)
INSERT INTO installments (student_id, fee_assignment_id, installment_number, amount, due_date, paid_date, status) VALUES
  ('s1000000-0000-0000-0000-000000000006', 'f1000000-0000-0000-0000-000000000006', 1, 25000, '2025-08-01', '2025-08-05', 'paid'),
  ('s1000000-0000-0000-0000-000000000006', 'f1000000-0000-0000-0000-000000000006', 2, 25000, '2025-11-01', NULL, 'overdue'),
  ('s1000000-0000-0000-0000-000000000006', 'f1000000-0000-0000-0000-000000000006', 3, 25000, '2026-02-01', NULL, 'due');

-- Simran Kaur (all due)
INSERT INTO installments (student_id, fee_assignment_id, installment_number, amount, due_date, status) VALUES
  ('s1000000-0000-0000-0000-000000000008', 'f1000000-0000-0000-0000-000000000008', 1, 25000, '2025-08-01', 'overdue'),
  ('s1000000-0000-0000-0000-000000000008', 'f1000000-0000-0000-0000-000000000008', 2, 25000, '2025-11-01', 'overdue'),
  ('s1000000-0000-0000-0000-000000000008', 'f1000000-0000-0000-0000-000000000008', 3, 25000, '2026-02-01', 'due');

-- Kavya Nair (1 paid, 2 due)
INSERT INTO installments (student_id, fee_assignment_id, installment_number, amount, due_date, paid_date, status) VALUES
  ('s1000000-0000-0000-0000-000000000010', 'f1000000-0000-0000-0000-000000000010', 1, 15000, '2025-10-01', '2025-10-01', 'paid'),
  ('s1000000-0000-0000-0000-000000000010', 'f1000000-0000-0000-0000-000000000010', 2, 15000, '2026-01-01', NULL, 'overdue'),
  ('s1000000-0000-0000-0000-000000000010', 'f1000000-0000-0000-0000-000000000010', 3, 15000, '2026-04-01', NULL, 'upcoming');

-- Deepika Joshi (all upcoming/due)
INSERT INTO installments (student_id, fee_assignment_id, installment_number, amount, due_date, status) VALUES
  ('s1000000-0000-0000-0000-000000000012', 'f1000000-0000-0000-0000-000000000012', 1, 15000, '2025-10-01', 'overdue'),
  ('s1000000-0000-0000-0000-000000000012', 'f1000000-0000-0000-0000-000000000012', 2, 15000, '2026-01-01', 'due'),
  ('s1000000-0000-0000-0000-000000000012', 'f1000000-0000-0000-0000-000000000012', 3, 15000, '2026-04-01', 'upcoming');

-- ─── PAYMENTS ────────────────────────────────────

INSERT INTO payments (student_id, amount, payment_date, payment_method, receipt_number, status) VALUES
  ('s1000000-0000-0000-0000-000000000001', 21250, '2025-06-28', 'upi', 'RK-2025-001', 'completed'),
  ('s1000000-0000-0000-0000-000000000001', 21250, '2025-09-30', 'bank_transfer', 'RK-2025-002', 'completed'),
  ('s1000000-0000-0000-0000-000000000001', 21250, '2025-12-28', 'upi', 'RK-2025-003', 'completed'),
  ('s1000000-0000-0000-0000-000000000001', 21250, '2026-03-01', 'card', 'RK-2026-001', 'completed'),
  ('s1000000-0000-0000-0000-000000000002', 21250, '2025-07-01', 'cash', 'RK-2025-004', 'completed'),
  ('s1000000-0000-0000-0000-000000000002', 21250, '2025-10-05', 'upi', 'RK-2025-005', 'completed'),
  ('s1000000-0000-0000-0000-000000000003', 21250, '2025-07-10', 'bank_transfer', 'RK-2025-006', 'completed'),
  ('s1000000-0000-0000-0000-000000000005', 25000, '2025-07-28', 'upi', 'RK-2025-007', 'completed'),
  ('s1000000-0000-0000-0000-000000000005', 25000, '2025-10-30', 'cash', 'RK-2025-008', 'completed'),
  ('s1000000-0000-0000-0000-000000000005', 25000, '2026-01-28', 'bank_transfer', 'RK-2025-009', 'completed'),
  ('s1000000-0000-0000-0000-000000000006', 25000, '2025-08-05', 'upi', 'RK-2025-010', 'completed'),
  ('s1000000-0000-0000-0000-000000000007', 25000, '2025-08-10', 'card', 'RK-2025-011', 'completed'),
  ('s1000000-0000-0000-0000-000000000007', 25000, '2025-11-15', 'upi', 'RK-2025-012', 'completed'),
  ('s1000000-0000-0000-0000-000000000009', 15000, '2025-09-25', 'cash', 'RK-2025-013', 'completed'),
  ('s1000000-0000-0000-0000-000000000009', 15000, '2025-12-28', 'bank_transfer', 'RK-2025-014', 'completed'),
  ('s1000000-0000-0000-0000-000000000009', 15000, '2026-03-05', 'upi', 'RK-2025-015', 'completed'),
  ('s1000000-0000-0000-0000-000000000010', 15000, '2025-10-01', 'upi', 'RK-2025-016', 'completed'),
  ('s1000000-0000-0000-0000-000000000004', 21250, '2025-07-05', 'cash', 'RK-2025-017', 'completed'),
  ('s1000000-0000-0000-0000-000000000004', 21250, '2025-10-15', 'upi', 'RK-2025-018', 'completed'),
  ('s1000000-0000-0000-0000-000000000004', 21250, '2026-01-10', 'bank_transfer', 'RK-2025-019', 'completed'),
  ('s1000000-0000-0000-0000-000000000011', 15000, '2025-10-05', 'upi', 'RK-2025-020', 'completed'),
  ('s1000000-0000-0000-0000-000000000011', 15000, '2026-01-08', 'cash', 'RK-2025-021', 'completed');
